<?xml version="1.0" encoding="UTF-8"?>
<project-private xmlns="http://www.netbeans.org/ns/project-private/1">
    <editor-bookmarks xmlns="http://www.netbeans.org/ns/editor-bookmarks/2" lastBookmarkId="0"/>
    <open-files xmlns="http://www.netbeans.org/ns/projectui-open-files/2">
        <group>
            <file>file:/C:/Users/T-Gamer/Desktop/ProjetoPaciente%2012-%2004/ProjetoPaciente/web/index.html</file>
            <file>file:/C:/Users/T-Gamer/Desktop/ProjetoPaciente%2012-%2004/ProjetoPaciente/src/java/br/com/projetopaciente/util/ConnectionFactory.java</file>
            <file>file:/C:/Users/T-Gamer/Desktop/ProjetoPaciente%2012-%2004/ProjetoPaciente/web/cadastrarpaciente.jsp</file>
        </group>
    </open-files>
</project-private>
