<?xml version="1.0" encoding="UTF-8"?>
<project-private xmlns="http://www.netbeans.org/ns/project-private/1">
    <editor-bookmarks xmlns="http://www.netbeans.org/ns/editor-bookmarks/2" lastBookmarkId="0"/>
    <open-files xmlns="http://www.netbeans.org/ns/projectui-open-files/2">
        <group>
            <file>file:/C:/Users/Aluno/Desktop/ProjetoPaciente%2026-%2004/ProjetoPaciente/web/index.html</file>
            <file>file:/C:/Users/Aluno/Desktop/ProjetoPaciente%2026-%2004/ProjetoPaciente/web/listarpacientes.jsp</file>
            <file>file:/C:/Users/Aluno/Desktop/ProjetoPaciente%2026-%2004/ProjetoPaciente/src/java/br/com/projetopaciente/dao/TipoSanguineoDAOImpl.java</file>
            <file>file:/C:/Users/Aluno/Desktop/ProjetoPaciente%2026-%2004/ProjetoPaciente/src/java/br/com/projetopaciente/dao/GenericDAO.java</file>
            <file>file:/C:/Users/Aluno/Desktop/ProjetoPaciente%2026-%2004/ProjetoPaciente/src/java/br/com/projetopaciente/model/TipoSanguineo.java</file>
            <file>file:/C:/Users/Aluno/Desktop/ProjetoPaciente%2026-%2004/ProjetoPaciente/src/java/br/com/projetopaciente/controller/ListarPaciente.java</file>
            <file>file:/C:/Users/Aluno/Desktop/ProjetoPaciente%2026-%2004/ProjetoPaciente/src/java/br/com/projetopaciente/dao/PacienteDAOImpl.java</file>
        </group>
    </open-files>
</project-private>
