<?xml version="1.0" encoding="UTF-8"?>
<project-private xmlns="http://www.netbeans.org/ns/project-private/1">
    <editor-bookmarks xmlns="http://www.netbeans.org/ns/editor-bookmarks/2" lastBookmarkId="0"/>
    <open-files xmlns="http://www.netbeans.org/ns/projectui-open-files/2">
        <group>
            <file>file:/C:/Users/Aluno/Desktop/ProjetoPaciente%2007-%2006/ProjetoPaciente/src/java/br/com/projetopaciente/controller/LogarUsuario.java</file>
            <file>file:/C:/Users/Aluno/Desktop/ProjetoPaciente%2007-%2006/ProjetoPaciente/web/home.jsp</file>
            <file>file:/C:/Users/Aluno/Desktop/ProjetoPaciente%2007-%2006/ProjetoPaciente/web/index.jsp</file>
            <file>file:/C:/Users/Aluno/Desktop/ProjetoPaciente%2007-%2006/ProjetoPaciente/web/cadastrarpaciente.jsp</file>
            <file>file:/C:/Users/Aluno/Desktop/ProjetoPaciente%2007-%2006/ProjetoPaciente/web/listarpacientes.jsp</file>
            <file>file:/C:/Users/Aluno/Desktop/ProjetoPaciente%2007-%2006/ProjetoPaciente/src/java/br/com/projetopaciente/dao/UsuarioDAOImpl.java</file>
            <file>file:/C:/Users/Aluno/Desktop/ProjetoPaciente%2007-%2006/ProjetoPaciente/src/java/br/com/projetopaciente/dao/PacienteDAOImpl.java</file>
            <file>file:/C:/Users/Aluno/Desktop/ProjetoPaciente%2007-%2006/ProjetoPaciente/web/alterarpaciente.jsp</file>
        </group>
    </open-files>
</project-private>
