<?xml version="1.0" encoding="UTF-8"?>
<project-private xmlns="http://www.netbeans.org/ns/project-private/1">
    <editor-bookmarks xmlns="http://www.netbeans.org/ns/editor-bookmarks/2" lastBookmarkId="0"/>
    <open-files xmlns="http://www.netbeans.org/ns/projectui-open-files/2">
        <group>
            <file>file:/C:/Users/Aluno/Desktop/ProjetoPaciente%2019-%2005/ProjetoPaciente/web/cadastrarusuario.jsp</file>
            <file>file:/C:/Users/Aluno/Desktop/ProjetoPaciente%2019-%2005/ProjetoPaciente/src/java/br/com/projetopaciente/util/bdpaciente.txt</file>
            <file>file:/C:/Users/Aluno/Desktop/ProjetoPaciente%2019-%2005/ProjetoPaciente/web/cadastrarpaciente.jsp</file>
            <file>file:/C:/Users/Aluno/Desktop/ProjetoPaciente%2019-%2005/ProjetoPaciente/web/index.html</file>
        </group>
    </open-files>
</project-private>
