<?xml version="1.0" encoding="UTF-8"?>
<project-private xmlns="http://www.netbeans.org/ns/project-private/1">
    <editor-bookmarks xmlns="http://www.netbeans.org/ns/editor-bookmarks/2" lastBookmarkId="0"/>
    <open-files xmlns="http://www.netbeans.org/ns/projectui-open-files/2">
        <group>
            <file>file:/C:/Users/Aluno/Desktop/ProjetoPaciente%2031-%2005/ProjetoPaciente/src/java/br/com/projetopaciente/controller/LogarUsuario.java</file>
            <file>file:/C:/Users/Aluno/Desktop/ProjetoPaciente%2031-%2005/ProjetoPaciente/src/java/br/com/projetopaciente/controller/CadastrarPaciente.java</file>
            <file>file:/C:/Users/Aluno/Desktop/ProjetoPaciente%2031-%2005/ProjetoPaciente/src/java/br/com/projetopaciente/model/Usuario.java</file>
            <file>file:/C:/Users/Aluno/Desktop/ProjetoPaciente%2031-%2005/ProjetoPaciente/web/home.html</file>
            <file>file:/C:/Users/Aluno/Desktop/ProjetoPaciente%2031-%2005/ProjetoPaciente/web/index.jsp</file>
        </group>
    </open-files>
</project-private>
