<?xml version="1.0" encoding="UTF-8"?>
<project-private xmlns="http://www.netbeans.org/ns/project-private/1">
    <editor-bookmarks xmlns="http://www.netbeans.org/ns/editor-bookmarks/2" lastBookmarkId="0"/>
    <open-files xmlns="http://www.netbeans.org/ns/projectui-open-files/2">
        <group>
            <file>file:/C:/Users/T-Gamer/Desktop/ProjetoPaciente(bibrioteca)%202/ProjetoPaciente/src/java/br/com/projetopaciente/util/ConnectionFactory.java</file>
            <file>file:/C:/Users/T-Gamer/Desktop/ProjetoPaciente(bibrioteca)%202/ProjetoPaciente/src/java/br/com/projetopaciente/controller/CarregarTipoSanguineo.java</file>
            <file>file:/C:/Users/T-Gamer/Desktop/ProjetoPaciente(bibrioteca)%202/ProjetoPaciente/web/cadastrarpaciente.jsp</file>
            <file>file:/C:/Users/T-Gamer/Desktop/ProjetoPaciente(bibrioteca)%202/ProjetoPaciente/src/java/br/com/projetopaciente/model/Paciente.java</file>
            <file>file:/C:/Users/T-Gamer/Desktop/ProjetoPaciente(bibrioteca)%202/ProjetoPaciente/web/index.html</file>
            <file>file:/C:/Users/T-Gamer/Desktop/ProjetoPaciente(bibrioteca)%202/ProjetoPaciente/src/java/br/com/projetopaciente/dao/TipoSanguineoDAOImpl.java</file>
            <file>file:/C:/Users/T-Gamer/Desktop/ProjetoPaciente(bibrioteca)%202/ProjetoPaciente/src/java/br/com/projetopaciente/controller/AlterarPaciente.java</file>
            <file>file:/C:/Users/T-Gamer/Desktop/ProjetoPaciente(bibrioteca)%202/ProjetoPaciente/src/java/br/com/projetopaciente/dao/PacienteDAOImpl.java</file>
            <file>file:/C:/Users/T-Gamer/Desktop/ProjetoPaciente(bibrioteca)%202/ProjetoPaciente/web/style-index.css</file>
            <file>file:/C:/Users/T-Gamer/Desktop/ProjetoPaciente(bibrioteca)%202/ProjetoPaciente/src/java/br/com/projetopaciente/controller/CadastrarPaciente.java</file>
        </group>
    </open-files>
</project-private>
