<?xml version="1.0" encoding="UTF-8"?>
<project-private xmlns="http://www.netbeans.org/ns/project-private/1">
    <editor-bookmarks xmlns="http://www.netbeans.org/ns/editor-bookmarks/2" lastBookmarkId="0"/>
    <open-files xmlns="http://www.netbeans.org/ns/projectui-open-files/2">
        <group>
            <file>file:/C:/Users/Aluno/Desktop/ProjetoPaciente%2025%20-%2008/ProjetoPaciente/web/listardoenca.jsp</file>
            <file>file:/C:/Users/Aluno/Desktop/ProjetoPaciente%2025%20-%2008/ProjetoPaciente/src/java/br/com/projetopaciente/controller/ListarPacienteDoenca.java</file>
            <file>file:/C:/Users/Aluno/Desktop/ProjetoPaciente%2025%20-%2008/ProjetoPaciente/src/java/br/com/projetopaciente/controller/ListarDoenca.java</file>
            <file>file:/C:/Users/Aluno/Desktop/ProjetoPaciente%2025%20-%2008/ProjetoPaciente/web/home.jsp</file>
            <file>file:/C:/Users/Aluno/Desktop/ProjetoPaciente%2025%20-%2008/ProjetoPaciente/web/listardoencapaciente.jsp</file>
            <file>file:/C:/Users/Aluno/Desktop/ProjetoPaciente%2025%20-%2008/ProjetoPaciente/src/java/br/com/projetopaciente/controller/ListarPaciente.java</file>
            <file>file:/C:/Users/Aluno/Desktop/ProjetoPaciente%2025%20-%2008/ProjetoPaciente/src/java/br/com/projetopaciente/dao/DoencaPacienteDAOImpl.java</file>
        </group>
    </open-files>
</project-private>
